profile,mode,repeat,status,goodput_mbit,wire_mbit,wire_datagrams,wg_packets,parity_over_wire_datagrams_pct,protected_data_over_wg_packets_pct,data_shards,parity_shards,parity_over_data_pct,fec_recovered,fec_unrecovered,fec_unrecovered_per_data_pct,quic_packets_lost,tcp_retransmits,cpu_a_s,cpu_b_s,path_rtt_us,smoothed_rtt_us,steady_pacing_mbit_mean,steady_queue_delay_ms_mean,steady_parity_min,steady_parity_max,qdisc_dropped_a,qdisc_dropped_b,policer_dropped_a,policer_dropped_b,longest_sender_write_stall_s,total_sender_write_stall_s,steady_samples,sampled_cap_active,quic_receive_queue_drops_a,quic_receive_queue_drops_b
baseline-policer,fec-obfs,1,ok,18.895981230316814,26.336656876022655,77925,58099,18.837343599615014,89.81738067780857,52183,14679,28.129850717666674,465,156,0.2989479332349616,894,205,6.37,6.58,20087,20435,84.689708,0.8159473684210526,0,7,894,0,894,0,0.0,0.0,19,0,0,0
baseline-policer,fec-obfs,2,ok,28.71047928972323,33.71120836906337,97410,88015,6.364849604763371,31.318525251377608,27565,6200,22.49229094866679,122,27,0.09795029929258117,274,98,7.25,6.99,20062,20265,80.1314344,0.614,0,6,274,0,274,0,0.0,0.0,20,0,0,0
prototype-policer,fec-obfs,1,ok,25.916727868482003,31.148010239268007,90171,79403,8.298676958223819,40.194954850572394,31916,7483,23.44592054142123,234,34,0.10652964030580273,474,114,6.76,6.43,20044,20330,78.6679311,0.7281,0,6,474,0,474,0,0.0,0.0,20,0,0,0
prototype-policer,fec-obfs,2,ok,29.479414564913238,35.23317306491221,101918,90316,7.856315861771228,38.20031888037557,34501,8007,23.20802295585635,266,39,0.1130402017332831,515,147,7.4,7.02,20082,20462,85.2649544,0.68225,0,5,515,0,515,0,0.0,0.0,20,0,0,0
baseline-random,fec-obfs,1,ok,30.5861671688931,46.04125201156602,148682,94344,22.176188106159454,100.02861867209361,94371,32972,34.93869938858336,1854,12,0.012715770734653653,2966,9,14.18,13.1,20119,21411,59.7409174,9.0209,4,5,3387,3309,0,0,0.0,0.0,20,0,0,0
prototype-random,fec-obfs,1,ok,30.64849237738585,45.750013502920275,148320,94642,21.501483279395902,100.02535872022992,94666,31891,33.68791329516405,1944,2,0.0021126909344432003,3004,8,14.8,17.86,20142,21118,58.475921,9.57115,3,5,3347,3221,0,0,0.0,0.0,20,0,0,0
baseline-short-random,fec-obfs,1,ok,31.01657916552448,46.88732891369159,151124,96390,22.323390063788676,99.93256561884013,96325,33736,35.023098883986506,1971,0,0.0,3121,91,10.4,12.54,2127,3107,59.638725095238094,2.3045714285714287,3,5,4014,3332,0,0,0.500123992562294,3.501110002398491,21,0,0,0
prototype-short-random,fec-obfs,1,ok,30.68424436790427,46.97417599582412,151919,96935,22.33229549957543,99.9556403775726,96892,33927,35.01527473888453,1984,2,0.0020641539033150313,3085,27,11.93,13.2,2134,4063,61.77213185714286,2.6212857142857144,3,5,3848,3319,0,0,0.49978698790073395,4.25043797492981,21,0,0,0
baseline-clean,fec-obfs,1,ok,42.509177783587326,46.649346440841754,132702,132556,0.0580247471778873,0.24291620145447962,322,77,23.91304347826087,0,0,0.0,0,102,10.8,13.4,20144,25642,58.33500804761905,19.572380952380954,0,0,0,0,0,0,0.4999829977750778,1.999882996082306,21,0,0,0
prototype-clean,fec-obfs,1,ok,42.48572478780883,46.43812850024955,131643,131493,0.06304930759706175,0.2608503874730974,343,83,24.198250728862973,0,0,0.0,0,116,13.87,17.03,20139,28058,57.5912371,20.1394,0,0,0,0,0,0,0.500029981136322,2.2496149837970734,20,0,0,0
baseline-step,fec-obfs,1,ok,30.835954953779073,33.79965237381772,143767,143633,0.05564559321680219,0.2151316201708521,309,80,25.889967637540455,0,0,0.0,0,124,14.57,19.54,20131,24275,38.53466825,18.75678125,0,0,0,0,0,0,1.999972015619278,14.999991983175278,32,0,0,0
prototype-step,fec-obfs,1,ok,30.88192383117315,33.74967960123208,143554,143422,0.05851456594730903,0.25728270418764204,369,84,22.764227642276424,0,0,0.0,0,136,14.12,17.84,20135,27667,44.73429265625,19.5344375,0,0,0,0,0,0,2.2498649656772614,14.750613987445831,32,0,0,0
