batch,case,repeat,duration_s,goodput_mbps,wire_mbps,fec_data_tx,fec_parity_tx,longest_sender_write_stall_s,longest_receiver_zero_interval_s,receiver_interval_s,tcp_max_rtt_ms,tcp_retransmits,median_quic_pacing_mbps,quic_spurious_loss_packets,quic_lost_packets,fec_recovered,fec_unrecovered,max_send_queue,max_quic_queue,runtime_gc_pause_ms,core_cpu_percent,core_rss_kib,max_runtime_heap_objects,resource_samples,resource_cpu_percent,throttled_ms,qdisc_max_qlen,qdisc_max_backlog_bytes,source_snapshot
results,decompose-flat,1,60,30.9938812305966,43.24736138993835,190985,48156,0.7498300075531006,0.0,1,892.433,385,52.786562,0,2858,1945,9,986,128,5.529286,43.86357550745671,58732,108792,0,,,,,bba728e
results,decompose-full,1,60,2.456599089913361,4.040173948247063,17180,6938,9.750142931938171,5.0002840757369995,1,6762.713,170,3.04128,0,292,166,103,1024,128,1.108938,6.812602581110161,34748,66971,0,,,,,bba728e
results,decompose-no-jitter,1,60,30.609650091787792,43.13469990001864,188473,50395,0.502597987651825,0.0,1,724.492,253,52.387394,0,2776,1884,8,1001,128,5.446767,44.484074303331624,46428,96546,0,,,,,bba728e
results,decompose-no-reorder,1,60,2.221408005014553,3.795791259981584,14759,6739,6.499156981706619,3.999853074550629,1,4200.545,16,3.362884,0,295,148,124,495,128,0.924741,6.820927259641597,31748,67323,0,,,,,bba728e
flight-results,baseline-cellular,1,90,2.4674268868257263,4.170171211740742,24759,11032,5.999820992350578,3.001719117164612,1,6756.805,588,4.269009,0,505,248,111,1024,128,1.548256,6.8240527837701865,37724,76013,48,6.328924382330921,0.418,108,104986,bba728e
flight-results,baseline-cellular,2,90,2.5165501881575914,4.174847533380144,24576,10834,17.49967911839485,9.000446796417236,1,10679.444,354,3.929932,0,474,228,88,1024,128,2.258348,7.339191772631024,40644,101691,45,6.962405081624631,0.581,157,142411,bba728e
flight-results,baseline-clean,1,30,42.506539415838276,46.5539024351534,293,80,0.2504970133304596,0.0,1,313.543,130,67.4040395,0,0,0,0,944,128,2.101152,44.24064796347535,44980,90936,14,44.20018709073901,0.0,162,225917,bba728e
flight-results,baseline-clean,2,30,42.287833975738266,46.328498131541565,232,89,0.5004149973392487,0.0,1,328.71,102,56.2934015,0,0,0,0,978,128,2.55913,45.22518336711052,51576,99022,14,44.82068214549159,0.0,186,262406,bba728e
flight-results,baseline-policer,1,30,18.51167407878282,24.71386498024855,43264,11603,0.0,0.0,1,25.393,149,80.144618,0,707,227,96,0,6,1.793042,19.15304183114272,32944,75761,14,18.93378464142162,0.0,55,71337,bba728e
flight-results,baseline-policer,2,30,20.083083504131192,27.235047387495584,50529,13717,0.0,0.0,1,26.185,158,79.240233,0,906,372,106,0,8,2.487108,20.35184780788282,30820,81720,14,20.10559809783559,0.0,54,72572,bba728e
flight-results,baseline-random,1,30,31.29849393214102,46.36706396585031,96479,31673,0.0,0.0,1,127.667,7,55.762687,0,2926,1861,2,126,128,3.502307,46.71516987322426,47700,88053,13,46.810772501771794,0.0,142,181065,bba728e
flight-results,baseline-random,2,30,31.403084722759424,46.34347312993182,97692,30993,0.25011301040649414,0.0,1,305.502,6,51.74627,0,3059,1978,1,404,128,3.312344,44.195251248350566,47592,75919,15,44.22646120426312,0.0,106,131790,bba728e
flight-results,baseline-short-rtt,1,30,30.999806083168362,46.4453973324134,96276,32629,0.25140801072120667,0.0,1,352.392,77,64.02212,0,3028,1927,0,1018,128,3.401297,43.551921430085045,37032,77533,15,43.24548374840247,0.0,25,29405,bba728e
flight-results,baseline-short-rtt,2,30,31.06603779112426,46.30799451462411,96318,32067,0.0,0.0,1,204.113,25,68.044169,0,2994,1915,6,479,128,3.391756,45.78098133569307,36836,67307,14,45.46528504404766,0.0,24,29298,bba728e
flight-results,baseline-step,1,45,30.9752775946226,33.83957054811767,343,78,2.2498850226402283,0.9999939799308777,1,1377.905,125,43.216952,0,0,0,0,1017,128,3.378304,32.829944530198965,45840,99296,22,32.05217149993062,0.0,182,255552,bba728e
flight-results,baseline-step,2,45,30.704140164986175,33.62470535100851,240,86,2.2499290108680725,0.0,1,1383.325,244,49.50931,0,0,0,0,1000,128,1.91048,33.77471679590107,43164,119619,20,33.37144990782012,0.0,168,233102,bba728e
flight-results,baseline-ten,1,30,8.46686196374011,9.585249832058937,196,60,2.2500080466270447,1.0000449419021606,1,1384.637,409,11.863002,0,0,0,0,1017,128,0.837434,16.085173235233,29976,65376,15,15.490807303263567,0.0,43,51771,bba728e
flight-results,baseline-ten,2,30,8.45033165611176,9.5326899931245,180,59,2.2500079721212387,0.0,1,1385.155,298,12.991026,0,0,0,0,1018,128,2.87551,11.47582271414103,42508,118702,16,11.181787746903249,0.0,41,53977,bba728e
flight-results,flight-fix-cellular,1,90,27.89981955878512,38.91332612567311,257782,64553,0.7498910129070282,0.0,1,787.683,316,66.4203055,0,4132,2593,261,678,128,5.90925,36.65851110836554,45804,138959,44,36.502969114573546,0.0,814,1055105,flight-bba728e
flight-results,flight-fix-cellular,2,90,20.16556427417514,28.296752981207234,186591,47947,0.7498449981212616,0.0,1,800.338,345,49.047451,0,2739,1828,379,970,128,5.09666,27.53508569999259,48092,95082,44,27.384796333899228,0.0,564,745424,flight-bba728e
flight-results,flight-fix-clean,1,30,42.53277231362447,46.594039209670974,305,77,0.25028499960899353,0.0,1,317.588,151,65.3883845,0,0,0,0,914,128,2.495213,45.25667709542712,42396,113518,13,44.89449086531653,0.0,219,307981,flight-bba728e
flight-results,flight-fix-clean,2,30,42.2442840589913,46.26748649424876,193,78,0.2503800094127655,0.0,1,318.824,125,69.054629,0,0,0,0,930,128,2.42412,43.82648403669107,41456,90680,15,43.84290195008864,0.0,197,266239,flight-bba728e
flight-results,flight-fix-policer,1,30,20.118194218357,25.21543143812932,42699,8277,0.0,0.0,1,28.046,131,78.842588,0,376,174,79,0,0,1.635384,19.552608341269295,33572,80025,14,19.32748958183647,0.0,50,62894,flight-bba728e
flight-results,flight-fix-policer,2,30,22.42275791420649,26.76105945437137,29874,5860,0.0,0.0,1,79.611,124,71.255355,0,312,123,34,0,10,1.434746,19.55204499568406,32628,113727,15,19.578105611471116,0.0,56,78046,flight-bba728e
flight-results,flight-fix-random,1,30,29.87825103952005,45.162694446605606,91888,32780,0.0,0.0,1,92.071,11,69.7471275,0,2917,1889,6,24,128,3.369244,45.783435373538964,49048,103883,14,46.0304054054054,0.0,208,254933,flight-bba728e
flight-results,flight-fix-random,2,30,32.00060757973614,46.87103785427862,99052,30780,0.24994200468063354,0.0,1,250.702,12,60.539248,0,3007,1961,4,402,128,5.388145,46.15829910809774,45420,105086,15,46.06945753129627,0.0,226,294524,flight-bba728e
flight-results,flight-fix-short-rtt,1,30,30.905995179138056,46.30875989726401,95751,32580,0.250205010175705,0.0,1,357.277,102,64.126664,0,3020,1975,2,1002,128,3.339896,43.35033512061014,37832,73283,15,42.78663376242247,0.0,24,29197,flight-bba728e
flight-results,flight-fix-short-rtt,2,30,31.17829329847377,46.3200402103494,96605,31788,0.0,0.0,1,207.848,13,67.7969905,0,2928,1872,0,535,128,5.452809,44.73335147831972,37324,59778,14,44.71433458775231,0.0,22,29078,flight-bba728e
flight-results,flight-fix-step,1,45,30.89492418827408,33.799126166951474,369,80,2.250072032213211,0.0,1,1380.155,169,51.120775,0,0,0,0,1015,128,2.659627,32.759559564643375,41936,85671,22,32.0472859088915,0.0,281,389320,flight-bba728e
flight-results,flight-fix-step,2,45,30.88053235303344,33.84769662927425,364,82,2.750006005167961,0.9997339844703674,1,1381.946,101,66.666872,0,0,0,0,1012,128,3.211815,32.93804805727441,39160,119094,22,32.11591260411139,0.0,194,257051,flight-bba728e
flight-results,flight-fix-ten,1,30,8.451360909805715,9.530921937072398,205,60,2.5000020414590836,0.0,1,1384.343,293,12.556746,0,0,0,0,1014,128,0.209754,10.896911573464704,42176,118248,16,10.58555540667292,0.0,42,54268,flight-bba728e
flight-results,flight-fix-ten,2,30,8.41338128499228,9.572030165252164,196,63,2.7499970197677612,2.00061297416687,1,1397.56,905,12.209519,0,0,0,0,1024,128,0.862884,10.644889800776253,42964,102407,16,10.221577420205751,0.179,45,52823,flight-bba728e
long-results,baseline-cellular,1,300,2.266486806771477,3.803335065912205,71595,33043,13.746224075555801,8.999656975269318,1,9198.256,3806,4.58839,0,1499,717,277,1024,128,3.180513,6.590719137237746,43972,209778,141,6.546405298330467,0.0,157,165059,bba728e
long-results,baseline-cellular,2,300,2.6579637663933875,4.401528206273892,84328,37639,10.250856012105942,14.00004780292511,1,9583.263,4217,5.431676,0,1757,880,330,1024,128,3.784651,6.727556022262056,42340,208672,151,6.646097753704208,0.0,213,242556,bba728e
long-results,flight-fix-cellular,1,300,26.21812086510307,36.25680276589839,803774,195570,0.5016950070858002,0.0,1,805.254,808,65.598394,0,11929,7852,764,981,128,13.99108,34.76265448162179,45732,141085,141,34.682522546463154,0.0,723,884507,flight-bba728e
long-results,flight-fix-cellular,2,300,25.47524892268591,35.25050536036455,780099,190927,1.0003409832715988,0.0,1,1319.99,1992,65.69405,0,11502,7685,886,914,128,15.7417,33.50357936289413,41648,228061,140,33.440527354511666,0.0,724,881473,flight-bba728e
transition-results,baseline-transition,1,180,24.377396574660384,27.93317871413792,82350,21912,5.250194996595383,1.0000309944152832,1,5833.852,259,6.7105365,0,1017,440,274,665,128,3.356023,16.72640862830706,74696,401966,81,16.404701855521527,0.0,273,292415,bba728e
transition-results,baseline-transition,2,180,25.763829188770167,29.356908409590613,78033,20622,7.7500009983778,1.001160979270935,1,6325.884,253,8.9705275,0,931,428,192,638,128,5.084276,16.532041446138994,68000,360962,86,16.308791738073637,0.128,166,232436,bba728e
transition-results,flight-fix-transition,1,180,45.02133026455482,54.96984114951515,388936,91263,1.2499990314245224,0.0,1,964.555,757,64.492331,0,5592,3256,451,881,128,6.618154,35.99731500027114,82624,624617,83,35.97648873045849,0.492,689,817562,flight-bba728e
transition-results,flight-fix-transition,2,180,38.73062944208688,47.93976511478559,387855,87567,0.7500679790973663,0.0,1,1116.127,1259,62.445812,0,6030,3304,307,886,128,9.006733,33.73662160049166,108396,369793,85,33.748275727266126,0.118,625,748620,flight-bba728e
