experiment,source,case,duration_s,profile,mode,repeat,status,goodput_mbit,wire_mbit,wire_datagrams,wg_packets,parity_over_wire_datagrams_pct,protected_data_over_wg_packets_pct,data_shards,parity_shards,parity_over_data_pct,fec_recovered,fec_unrecovered,fec_unrecovered_per_data_pct,quic_packets_lost,tcp_retransmits,longest_stall_s,total_stall_s,cpu_a_s,cpu_b_s,path_rtt_us,smoothed_rtt_us,steady_pacing_mbit_mean,steady_queue_delay_ms_mean,steady_parity_min,steady_parity_max,qdisc_dropped_a,qdisc_dropped_b,policer_dropped_a,policer_dropped_b,final_session_id_a,final_session_id_b,send_queue_drops_a,send_queue_drops_b,quic_receive_queue_drops_a,quic_receive_queue_drops_b
qos-baseline,v041,clean,30,clean,nofec-obfs,1,ok,42.421479364587064,46.447414516518734,131731,131778,0.0,0.0,0,0,,0,0,,0,81,0.250122994184494,2.999411031603813,13.28,17.42,20158,26316,68.2517682,20.445,0,0,0,0,0,0,1,1,81,0,0,0
qos-baseline,v041,clean,30,clean,fec-obfs,1,ok,42.54652659081126,46.60423273211113,132346,132196,0.056669638674383814,0.2836697025628612,375,75,20.0,0,0,0.0,0,93,0.2501769959926605,2.499151036143303,13.63,16.5,20149,26317,62.83030580952381,18.578285714285713,0,0,0,0,0,0,1,1,93,0,0,0
qos-baseline,v041,clean,30,clean,fec-obfs,2,ok,42.586606860820474,46.63693920733,132424,132267,0.059656859783725,0.42565416921832355,563,79,14.031971580817052,0,0,0.0,0,95,0.25059300661087036,2.250708967447281,13.18,16.87,20128,28562,64.30173733333334,19.77157142857143,0,0,0,0,0,0,1,1,95,0,0,0
qos-baseline,v041,clean,30,clean,nofec-obfs,2,ok,42.44753870776303,46.46659817506844,131808,131881,0.0,0.0,0,0,,0,0,,0,103,0.25196000933647156,2.5018609911203384,14.52,16.22,20172,26482,64.75399055,20.4115,0,0,0,0,0,0,1,1,103,0,0,0
qos-baseline,v041,random,30,random,nofec-obfs,1,ok,3.073624984107198,3.414880419012364,9667,9633,0.0,0.0,0,0,,0,0,,199,197,0.7497480064630508,9.496268033981323,1.33,1.41,20155,20614,18.985366,0.8310952380952381,0,0,228,207,0,0,1,1,0,0,0,0
qos-baseline,v041,random,30,random,fec-obfs,1,ok,31.63595969221029,47.15422173412922,151820,98348,21.442497694638387,99.93899215032334,98288,32554,33.12103206902165,1956,0,0.0,3044,89,0.2528510093688965,2.5013720244169235,15.45,16.81,20150,21828,61.04832695,10.10155,3,6,3505,3453,0,0,1,1,83,0,0,0
qos-baseline,v041,random,30,random,fec-obfs,2,ok,31.16436174132806,47.15400443763002,153595,99003,21.763078225202644,99.93131521267033,98935,33427,33.78682973669581,2022,0,0.0,3115,3,0.25029200315475464,2.2505690157413483,15.61,17.85,20142,22781,59.7453908,10.3287,3,6,3554,3379,0,0,1,1,78,0,0,0
qos-baseline,v041,random,30,random,nofec-obfs,2,ok,3.003761866524271,3.371031852370763,9519,9519,0.0,0.0,0,0,,0,0,,202,200,0.9999990165233612,10.000831082463264,1.25,1.35,20139,20563,23.930293,0.7845238095238095,0,0,260,215,0,0,1,1,0,0,0,0
qos-baseline,v041,burst,30,burst,nofec-obfs,1,ok,6.950528900937955,7.748172204829242,21865,21835,0.0,0.0,0,0,,0,0,,368,497,3.7500019520521164,9.25044196844101,2.2,2.61,20133,22831,81.88957257142857,0.9482380952380952,0,0,660,482,0,0,1,1,0,0,0,0
qos-baseline,v041,burst,30,burst,fec-obfs,1,ok,9.116009386002656,14.209595544240193,48699,28472,21.912154253680775,93.43214386063501,26602,10671,40.11352529884971,90,320,1.2029170739042176,899,485,0.2500039935112,0.5000050067901611,4.61,5.02,20125,20684,45.17854057142857,0.9621428571428572,0,8,1162,1052,0,0,1,1,0,0,0,0
qos-baseline,v041,burst,30,burst,fec-obfs,2,ok,9.360517831303781,14.605215452878387,49849,29159,22.199041104134487,95.20902637264652,27762,11066,39.86024061667027,96,285,1.0265830992003457,954,478,0.2520599961280823,3.7525140196084976,4.81,5.34,20110,20898,75.692144,1.2357,1,6,1173,1024,0,0,1,1,0,0,0,0
qos-baseline,v041,burst,30,burst,nofec-obfs,2,ok,7.614248180924393,8.434272848750147,23807,23765,0.0,0.0,0,0,,0,0,,389,424,7.0001600831747055,7.500982090830803,2.66,2.94,20093,20807,49.23827,1.03485,0,0,525,371,0,0,1,1,0,0,0,0
qos-baseline,v041,policer,30,policer,nofec-obfs,1,ok,19.349671729717333,21.06734826128586,59358,59328,0.0,0.0,0,0,,0,0,,113,113,0.0,0.0,4.36,4.35,20051,20261,71.263324,0.69005,0,0,113,0,113,0,1,1,0,0,0,0
qos-baseline,v041,policer,30,policer,fec-obfs,1,ok,17.77840643443352,25.23164480306772,74453,54571,20.24095738250977,97.48401165454179,53198,15070,28.328132636565286,525,153,0.28760479717282605,942,170,0.0,0.0,5.33,4.86,20047,20783,79.599643,0.82435,2,7,942,0,942,0,1,1,0,0,0,0
qos-baseline,v041,policer,30,policer,fec-obfs,2,ok,16.27645771530873,22.979476470079966,67843,50198,19.59524195569182,90.9996414199769,45680,13294,29.10245183887916,366,269,0.5888791593695272,1110,388,0.0,0.0,4.91,4.61,20053,20912,92.095357,0.7051499999999999,0,8,1110,0,1110,0,1,1,0,0,0,0
qos-baseline,v041,policer,30,policer,nofec-obfs,2,ok,19.524858608540423,21.280171272634394,59978,59928,0.0,0.0,0,0,,0,0,,113,113,0.0,0.0,4.47,4.43,20044,20333,72.865408,0.73245,0,0,113,0,113,0,1,1,0,0,0,0
qos-fixed,stable,clean,30,clean,nofec-obfs,1,ok,42.58343662943642,46.62481380410296,132266,132326,0.0,0.0,0,0,,0,0,,0,90,0.4999630004167557,2.4995429813861847,15.74,18.79,20160,26688,68.8179144,19.4373,0,0,0,0,0,0,1,1,90,0,0,0
qos-fixed,stable,clean,30,clean,fec-obfs,1,ok,42.5199025936709,46.58657376958359,132273,132155,0.05821293839256689,0.28527108319776023,377,77,20.424403183023873,0,0,0.0,0,129,0.251796007156372,2.2517840415239334,11.75,12.6,20167,27026,65.28231425,19.6844,0,0,0,0,0,0,1,1,129,0,0,0
qos-fixed,stable,clean,30,clean,fec-obfs,2,ok,42.545157656488364,46.61546038649544,132390,132229,0.059672180678298964,0.3546877008825598,469,79,16.844349680170577,0,0,0.0,0,96,0.25009098649024963,2.2458959817886353,14.6,18.23,20164,25756,64.5865667,19.737,0,0,0,0,0,0,1,1,96,0,0,0
qos-fixed,stable,clean,30,clean,nofec-obfs,2,ok,42.54996127320218,46.57047410728283,132110,132192,0.0,0.0,0,0,,0,0,,0,114,0.25014999508857727,2.49693101644516,13.91,16.12,20197,26940,68.9724429,21.2814,0,0,0,0,0,0,1,1,114,0,0,0
qos-fixed,stable,random,30,random,nofec-obfs,1,ok,2.9688567523059537,3.310634010704464,9379,9341,0.0,0.0,0,0,,0,0,,199,201,0.5001720190048218,9.748793974518776,1.38,1.6,20150,20991,17.121359,0.8777,0,0,260,193,0,0,1,1,0,0,0,0
qos-fixed,stable,random,30,random,fec-obfs,1,ok,30.787446515948062,46.70809462051232,150978,95299,22.67416444780034,99.94963221020157,95251,34233,35.93978015978835,1954,2,0.0020997154885513012,3091,52,0.5002079904079437,1.2504650056362152,10.81,16.03,20162,22050,54.825581650000004,11.7812,3,5,3596,3402,0,0,1,1,48,0,0,0
qos-fixed,stable,random,30,random,fec-obfs,2,ok,31.545509562818832,47.18746180323355,151940,97929,21.661840200078977,100.0306344392366,97959,32913,33.598750497657186,2002,3,0.0030625057421982665,3076,6,0.0,0.0,14.35,15.27,20147,22566,53.79476155,12.5877,3,5,3513,3450,0,0,1,1,0,0,0,0
qos-fixed,stable,random,30,random,nofec-obfs,2,ok,2.829141322901648,3.1625109526202264,9050,8928,0.0,0.0,0,0,,0,0,,189,190,0.7500550001859665,10.755231991410255,1.4,1.52,20148,20828,16.5655192,0.8544,0,0,233,197,0,0,1,1,0,0,0,0
qos-fixed,stable,burst,30,burst,nofec-obfs,1,ok,8.661725620519155,9.607116950401437,27099,27069,0.0,0.0,0,0,,0,0,,433,477,3.2504699677228928,4.9999969601631165,3.04,3.44,20104,20900,42.115731849999996,0.9775,0,0,647,453,0,0,1,1,0,0,0,0
qos-fixed,stable,burst,30,burst,fec-obfs,1,ok,9.325739940737854,14.431383328334643,49289,29079,21.629572521252207,97.34516317617525,28307,10661,37.662062387395345,87,270,0.9538276751333592,990,517,0.2499980032444,0.2499980032444,5.1,5.56,20101,20881,55.443977,1.3039,1,7,1263,899,0,0,1,1,0,0,0,0
qos-fixed,stable,burst,30,burst,fec-obfs,2,ok,8.556714113533946,13.365710368380759,45842,26669,22.121635181711095,96.05159548539503,25616,10141,39.58853841349157,95,276,1.0774515927545285,877,446,2.501463010907173,3.501687005162239,4.58,5.14,20090,21088,61.199938,1.13845,1,8,1126,1264,0,0,1,1,0,0,0,0
qos-fixed,stable,burst,30,burst,nofec-obfs,2,ok,6.985228627915414,7.767822366753014,21920,21890,0.0,0.0,0,0,,0,0,,387,500,3.7499919682741165,8.500062003731728,2.42,2.61,20094,20980,84.811408,1.22445,0,0,653,507,0,0,1,1,0,0,0,0
qos-fixed,stable,policer,30,policer,nofec-obfs,1,ok,20.292252731341563,22.10798447800321,62324,62262,0.0,0.0,0,0,,0,0,,103,104,0.0,0.0,4.93,4.71,20065,20582,72.154992,0.74165,0,0,103,0,103,0,1,1,0,0,0,0
qos-fixed,stable,policer,30,policer,fec-obfs,1,ok,20.50222101746909,26.85929443465564,78910,62907,14.640729945507541,71.33228416551417,44873,11553,25.74599425044013,369,87,0.19388050720923494,693,166,0.0,0.0,6.36,5.79,20067,20748,83.035141,0.7532,0,8,693,0,693,0,1,1,0,0,0,0
qos-fixed,stable,policer,30,policer,fec-obfs,2,ok,22.842690520080648,28.257089060213556,82567,70025,10.385505104945075,53.8836129953588,37732,8575,22.726068058942012,236,61,0.16166648998197816,466,139,0.0,0.0,6.47,6.08,20054,20249,82.101742,0.7928999999999999,0,8,466,0,466,0,1,1,0,0,0,0
qos-fixed,stable,policer,30,policer,nofec-obfs,2,ok,17.18329726912819,18.740711099570447,52827,52781,0.0,0.0,0,0,,0,0,,131,125,0.0,0.0,4.27,4.02,20080,20255,82.080952,0.6964,0,0,131,0,131,0,1,1,0,0,0,0
qos-window-fix,stable,policer,30,fixed-policer,fec-obfs,1,ok,20.53736978249789,26.55778221889098,77880,63056,13.697996918335901,63.979637147931996,40343,10668,26.443249138636194,365,77,0.1908633468011799,700,145,0.0,0.0,6.39,5.66,20043,20757,78.728452,0.7642,0,6,700,0,700,0,1,1,0,0,0,0
qos-window-fix,stable,policer,30,fixed-policer,fec-obfs,2,ok,24.34450778729823,30.681302956299383,89512,74684,11.878854231834838,55.01713887847464,41089,10633,25.87797220667332,307,69,0.1679281559541483,594,127,0.0,0.0,6.67,6.64,20051,20567,79.20619190000001,0.76765,0,8,594,0,594,0,1,1,0,0,0,0
qos-window-fix,window,policer,30,window-policer,fec-obfs,1,ok,24.169869998293223,29.49565370788861,85589,74184,9.376204886141911,44.221125849239726,32805,8025,24.46273433927755,234,50,0.15241579027587257,423,103,0.0,0.0,7.09,6.71,20096,20459,73.3363784,0.76445,0,7,423,0,423,0,1,1,0,0,0,0
qos-window-fix,window,policer,30,window-policer,fec-obfs,2,ok,22.94622535339245,27.277539656601896,79042,70351,7.2227423395157,43.57578428167332,30656,5709,18.62278183716075,106,41,0.13374217118997914,270,106,0.0,0.0,6.54,6.27,20096,20299,72.48466365,0.82485,0,6,270,0,270,0,1,1,0,0,0,0
qos-window-fix,stable,step,45,fixed-step,fec-obfs,1,ok,30.858229628070006,33.83128929700219,143893,143773,0.05281702376071108,0.27056540518734395,389,76,19.53727506426735,0,0,0.0,0,123,2.250149980187416,15.001968085765839,17.23,19.76,20172,26522,46.21177846875,21.79365625,0,0,0,0,0,0,1,1,123,0,0,0
qos-window-fix,stable,step,45,fixed-step,fec-obfs,2,ok,30.81157494937792,33.78792470225033,143717,143601,0.05427332883374966,0.2499982590650483,359,78,21.72701949860724,0,0,0.0,0,134,2.249654993414879,14.999494060873985,17.12,19.23,20161,24930,45.948244875,19.84840625,0,0,0,0,0,0,1,1,134,0,0,0
qos-window-fix,window,step,45,window-step,fec-obfs,1,ok,30.78028841641615,33.69115303039004,143144,143093,0.059380763427038505,0.2515846337696463,360,85,23.61111111111111,0,0,0.0,0,223,2.249990001320839,15.249805018305779,17.07,19.39,20160,25279,40.64325665625,19.1371875,0,0,0,0,0,0,1,1,223,0,0,0
qos-window-fix,window,step,45,window-step,fec-obfs,2,ok,30.77793450417961,33.69720745025909,143166,143069,0.05518069932805275,0.21877555585067346,313,79,25.23961661341853,0,0,0.0,0,155,2.250001013278961,14.998382046818733,15.75,18.52,20120,24500,45.6356495625,18.7478125,0,0,0,0,0,0,1,1,155,0,0,0
qos-window-fix,stable,clean,30,fixed-clean,fec-obfs,1,ok,42.55081827138679,46.60010925079467,132322,132171,0.05743564940070434,0.28145357150963524,372,76,20.43010752688172,0,0,0.0,0,94,0.250432014465332,2.5005490630865097,14.73,17.65,20171,25780,65.36741755,19.430600000000002,0,0,0,0,0,0,1,1,94,0,0,0
qos-window-fix,stable,clean,30,fixed-clean,fec-obfs,2,ok,42.57920944974749,46.63050192656959,132413,132293,0.05966181568275018,0.42783820761491537,566,79,13.957597173144876,0,0,0.0,0,117,0.25126001238822937,2.2511510252952576,14.89,16.55,20142,26251,68.98702365,20.53315,0,0,0,0,0,0,1,1,117,0,0,0
qos-window-fix,window,clean,30,window-clean,fec-obfs,1,ok,42.44929360488826,46.50823047758262,132063,131897,0.06057714878504956,0.20318885190716998,268,80,29.850746268656717,0,0,0.0,0,90,0.2501179873943329,2.4995559602975845,14.15,14.12,20176,26549,61.51569005,19.25405,0,0,0,0,0,0,1,1,90,0,0,0
qos-window-fix,window,clean,30,window-clean,fec-obfs,2,ok,42.5818397214129,46.63315071095213,132440,132281,0.0626698882512836,0.3144820495762808,416,83,19.951923076923077,0,0,0.0,0,107,0.25183799862861633,2.251645013689995,14.39,18.26,20152,25085,63.9495991,18.85935,0,0,0,0,0,0,1,1,107,0,0,0
qos-window-fix,stable,random,30,fixed-random,fec-obfs,1,ok,31.29101968900657,47.17582233826567,152413,97517,22.05979804872288,99.89847923951721,97418,33622,34.51312899053563,1890,4,0.004106017368453468,2977,139,0.2501220107078552,3.74234701693058,15.44,18.07,20131,21894,57.6413098,10.43815,4,5,3414,3431,0,0,1,1,129,0,0,0
qos-window-fix,stable,random,30,fixed-random,fec-obfs,2,ok,31.2377804468746,47.16674651669294,152062,96961,22.29945680051558,99.91130454512638,96875,33909,35.00283870967742,1992,3,0.003096774193548387,3151,120,0.2513349950313568,1.500875011086464,15.92,17.94,20150,22135,58.22173445,10.3538,3,5,3534,3338,0,0,1,1,109,0,0,0
qos-window-fix,window,random,30,window-random,fec-obfs,1,ok,30.188688628358264,45.844887824238995,148266,93027,22.700416818420948,100.03224870198974,93057,33657,36.16815500177311,1962,13,0.013969932407019353,3046,16,0.0,0.0,14.58,15.45,20142,20984,54.3005398,9.74605,3,5,3476,3162,0,0,1,1,0,0,0,0
qos-window-fix,window,random,30,window-random,fec-obfs,2,ok,31.045149555771243,46.79824566318517,151066,95991,22.19956840056664,100.03125292996218,96021,33536,34.92569333791567,1928,26,0.027077410149863052,3046,14,0.0,0.0,14.49,17.28,20163,22167,58.95983285,9.57705,3,5,3418,3234,0,0,1,1,0,0,0,0
qos-burst-fix,burst-parent,burst,30,parent-burst,fec-obfs,1,ok,10.059058577158478,15.527267839896394,52817,31281,21.72785277467482,97.21236533358908,30409,11476,37.73882732085896,110,258,0.848433029695156,970,474,0.2500390112400055,0.5000370144844055,5.17,5.45,20090,20736,55.940134,1.17385,1,6,1209,1039,0,0,1,1,0,0,0,0
qos-burst-fix,burst-parent,burst,30,parent-burst,fec-obfs,2,ok,9.081116025274323,14.077008384692443,48300,28438,21.393374741200827,95.20360081580984,27074,10333,38.1657678953978,86,280,1.0342025559577455,1023,535,0.250230997800827,1.7498430013656616,4.76,5.13,20075,21097,76.940437,1.31105,1,7,1259,804,0,0,1,1,0,0,0,0
qos-burst-fix,burst-candidate,burst,30,candidate-burst,fec-obfs,1,ok,11.315884936828768,18.206921323405,66490,35257,22.284554068280944,95.99795785234137,33846,14817,43.77769898954086,378,424,1.2527329669680316,1570,484,0.25002700090408325,0.25002700090408325,5.97,6.58,20098,20696,61.1244066,1.36635,0,8,1899,1337,0,0,1,1,0,0,0,0
qos-burst-fix,burst-candidate,burst,30,candidate-burst,fec-obfs,2,ok,12.922957052039957,20.750261874555495,73503,39970,23.273879977687987,98.26119589692269,39275,17107,43.55697008274984,453,279,0.7103755569700827,1440,341,0.750204011797905,1.250216007232666,6.34,7.84,20075,20712,77.65045975,1.54555,0,7,1790,1518,0,0,1,1,0,0,0,0
qos-burst-fix,burst-parent,random,30,parent-random,fec-obfs,1,ok,31.77102686776038,46.819303469402044,150104,98741,20.836220220647018,99.93113296401697,98673,31276,31.696614068691538,1933,32,0.03243035075451238,2920,110,0.7498800158500671,3.2527710050344467,14.64,17.83,20152,21089,52.906477,9.09705,3,5,3224,3179,0,0,1,1,98,0,0,0
qos-burst-fix,burst-parent,random,30,parent-random,fec-obfs,2,ok,29.32725114258389,45.30806524849595,147277,90503,23.621475179423808,100.02651845795167,90527,34789,38.42941884741569,1836,36,0.03976714129486231,2976,10,0.0,0.0,15.29,17.88,20087,23981,56.12406305,7.99885,3,5,3337,3105,0,0,1,1,0,0,0,0
qos-burst-fix,burst-candidate,random,30,candidate-random,fec-obfs,1,ok,30.741829884265503,46.96536976102693,152514,94762,22.964449165322527,100.03165825963994,94792,35024,36.94826567642839,1868,5,0.005274706726306018,3016,10,0.0,0.0,15.33,18.01,20155,21382,55.21235515,7.67595,3,5,3341,3424,0,0,1,1,0,0,0,0
qos-burst-fix,burst-candidate,random,30,candidate-random,fec-obfs,2,ok,30.954128999100433,46.47684894920871,149217,95246,22.152971846371393,100.03149738571699,95276,33056,34.69499139342542,1940,5,0.005247911331290146,2995,11,0.0,0.0,15.48,18.5,20135,21193,63.58376235,8.30155,3,5,3376,3265,0,0,1,1,0,0,0,0
qos-burst-fix,burst-parent,clean,30,parent-clean,fec-obfs,1,ok,42.48388136460485,46.41049182484594,131459,131348,0.06085547585178649,0.20784480920912385,273,80,29.304029304029303,0,0,0.0,0,146,0.2514910101890564,2.2483080327510834,15.55,18.59,20170,29030,60.130170050000004,19.48875,0,0,0,0,0,0,1,1,146,0,0,0
qos-burst-fix,burst-parent,clean,30,parent-clean,fec-obfs,2,ok,42.51726725274192,46.58963424751693,132304,132138,0.06273430886443343,0.29590276831797063,391,83,21.22762148337596,0,0,0.0,0,102,0.2542479932308197,2.0040519535541534,15.71,19.24,20156,27719,56.96145825,18.2486,0,0,0,0,0,0,1,1,102,0,0,0
qos-burst-fix,burst-candidate,clean,30,candidate-clean,fec-obfs,1,ok,42.51990896077968,46.467794696770454,131612,131510,0.05926511260371395,0.24256710516310548,319,78,24.45141065830721,0,0,0.0,0,149,0.4999550133943557,2.99754099547863,15.58,19.0,20153,29154,63.516681399999996,18.9224,0,0,0,0,0,0,1,1,149,0,0,0
qos-burst-fix,burst-candidate,clean,30,candidate-clean,fec-obfs,2,ok,42.290954044514926,46.30402670805324,131423,131290,0.05478493110034012,0.18889481300936858,248,72,29.032258064516128,0,0,0.0,0,100,0.5001379996538162,2.503260999917984,15.47,18.85,20159,26014,57.41626235,19.40085,0,0,0,0,0,0,1,1,100,0,0,0
qos-burst-fix,burst-parent,policer,30,parent-policer,fec-obfs,1,ok,25.2524240973776,30.815733025022908,89537,77469,9.345857020002903,47.230505105267916,36589,8368,22.870261554018967,201,40,0.10932247396758589,411,117,0.0,0.0,7.26,6.83,20102,20609,73.788792,0.7061999999999999,0,7,411,0,411,0,1,1,0,0,0,0
qos-burst-fix,burst-parent,policer,30,parent-policer,fec-obfs,2,ok,20.257909298656745,26.593371257631432,77971,62221,14.833720229316027,66.13040613297761,41147,11566,28.10897513792014,321,100,0.2430310836756021,671,149,0.0,0.0,6.49,6.07,20085,20405,79.385869,0.6591,0,8,671,0,671,0,1,1,0,0,0,0
qos-burst-fix,burst-candidate,policer,30,candidate-policer,fec-obfs,1,ok,23.261999121618818,29.281624162444224,85785,71409,11.61391851722329,58.27696788920164,41615,9963,23.940886699507388,216,90,0.2162681725339421,442,170,0.0,0.0,7.06,6.47,20087,20202,81.303393,0.66585,0,8,442,0,442,0,1,1,0,0,0,0
qos-burst-fix,burst-candidate,policer,30,candidate-policer,fec-obfs,2,ok,25.18296546129474,30.4144781867278,88502,77265,8.494723283089648,43.362453892448066,33504,7518,22.439111747851,152,48,0.14326647564469913,391,151,0.0,0.0,7.33,6.91,20098,20210,79.19474565,0.7162000000000001,0,8,391,0,391,0,1,1,0,0,0,0
qos-pacing-gain,burst-candidate,policer,30,gain110-policer,fec-obfs,1,ok,25.741555223260544,31.060193762366964,90046,78954,8.506763209914933,41.80155533601844,33004,7660,23.20930796267119,173,58,0.1757362743909829,397,145,0.0,0.0,7.03,6.66,20076,20702,76.5005649,0.74065,0,6,397,0,397,0,1,1,0,0,0,0
qos-pacing-gain,burst-candidate,policer,30,gain110-policer,fec-obfs,2,ok,23.224693887012773,28.991225746903964,84807,71269,11.117006850849576,50.07085829743647,35685,9428,26.42006445285134,176,108,0.3026481715006305,641,176,0.0,0.0,6.48,6.22,20085,20290,85.74819,0.7036,0,8,641,0,641,0,1,1,0,0,0,0
qos-pacing-gain,gain100,policer,30,gain100-policer,fec-obfs,1,ok,28.39645730255065,32.717768471945995,94249,87058,4.676972699975597,31.337728870408235,27282,4408,16.157173227769224,37,20,0.07330840847445202,181,131,0.0,0.0,7.21,6.85,20089,20474,71.9001576,0.6149,0,5,181,0,181,0,1,1,0,0,0,0
qos-pacing-gain,gain100,policer,30,gain100-policer,fec-obfs,2,ok,30.283051028858484,34.47902138934527,98796,92806,3.8189805255273495,22.00935284356615,20426,3773,18.471555860178203,64,16,0.0783315382355821,214,130,0.0,0.0,7.46,7.0,20105,20269,74.40707040000001,0.60755,0,4,214,0,214,0,1,1,0,0,0,0
qos-pacing-gain,gain090,policer,30,gain090-policer,fec-obfs,1,ok,28.815312931577978,33.53539370337218,96568,88423,5.54427967856847,29.081799984167017,25715,5354,20.820532762978807,162,116,0.4510985805949835,516,267,0.0,0.0,7.42,7.01,20108,20213,77.439348,0.7414,0,3,516,0,516,0,1,1,0,0,0,0
qos-pacing-gain,gain090,policer,30,gain090-policer,fec-obfs,2,ok,27.347099940395193,32.65294682414949,94586,83881,7.655466982428689,38.74894195348172,32503,7241,22.277943574439284,142,96,0.2953573516290804,455,227,0.0,0.0,7.27,6.8,20048,20499,74.696785,0.6648,0,6,455,0,455,0,1,1,0,0,0,0
qos-pacing-gain,burst-candidate,random,30,gain110-random,fec-obfs,1,ok,30.348705479356344,45.25119867755389,146214,93731,21.460325276649296,100.01920389198878,93749,31378,33.47022368238594,1937,9,0.009600102401092278,2975,14,0.0,0.0,14.24,16.92,20136,20568,49.26047115,8.43385,4,5,3321,3135,0,0,1,1,0,0,0,0
qos-pacing-gain,gain100,random,30,gain100-random,fec-obfs,1,ok,30.403310584438444,46.65196835732137,150592,94585,23.185826604334892,100.03171750277528,94615,34916,36.903239444062784,1875,3,0.00317074459652275,3000,8,0.2502500116825104,1.4990849941968918,13.25,15.84,20079,21340,58.8416078,5.44945,3,5,3344,3305,0,0,1,1,0,0,0,0
qos-pacing-gain,burst-candidate,clean,30,gain110-clean,fec-obfs,1,ok,42.3448772791591,46.38759882520213,131732,131569,0.06528406157957065,0.17937356064118448,236,86,36.440677966101696,0,0,0.0,0,109,0.2501299977302551,1.9998109936714172,14.38,17.75,20115,27181,63.3860398,18.7865,0,0,0,0,0,0,1,1,109,0,0,0
qos-pacing-gain,gain100,clean,30,gain100-clean,fec-obfs,1,ok,42.07401483695868,46.08750666223306,129996,129819,0.06615588171943752,0.25728129164452046,334,86,25.748502994011975,0,0,0.0,0,100,0.2511259913444519,3.2501720041036606,13.08,16.18,20129,21086,54.38600865,12.9738,0,0,0,0,0,0,1,1,100,79,0,0
qos-pacing-gain,burst-candidate,step,45,gain110-step,fec-obfs,1,ok,30.86070415745198,33.749789042438465,143540,143435,0.05643026334122893,0.221703210513473,318,81,25.471698113207548,0,0,0.0,0,154,2.250001013278961,15.000161081552505,16.08,17.68,20128,27796,40.6192113125,19.1873125,0,0,0,0,0,0,1,1,154,0,0,0
qos-pacing-gain,gain100,step,45,gain100-step,fec-obfs,1,ok,30.38087511839155,33.31334879472625,140904,140814,0.056066541758928064,0.2080759015438806,293,79,26.962457337883958,0,0,0.0,0,160,1.9999860227108002,15.750761076807976,14.97,16.75,20125,21432,40.76330815625,9.8719375,0,0,0,0,0,0,1,1,160,0,0,0
